,a.0.9,a.10.19,a.20.29,a.30.39,a.40.49,a.50.59,a.60.69,a.70.79,a.80.89,f,m,armed.forces,civilian.employed,not.in.labor.force,unemployed,abroad.house,diff.us.house,same.house,i.0.9999,i.10000.14999,i.15000.24999,i.25000.34999,i.35000.49999,i.50000.64999,i.65000.74999,i.75000.99999,abroad.born,naturalization,not.citizen,puerto.rico.born,us.born,divorced,married,never,separated,widowed,no.schooling,private,public,with.disability,without.disability,federal,local,not.working,private.no.profit,private.profit,self.employed.corp,self.employed.no.corp,state,with.insurance,without.insurance,asian,black,other,two,white
0,536,540,241,433,543,536,522,256,135,1919,1823,9,1840,1817,76,0,439,3303,2127,19,115,59,175,189,44,1014,87,422,111,0,3122,214,1741,1656,50,81,2659,387,696,241,3501,264,117,1891,238,964,138,97,33,3525,217,182,165,356,91,2948
1,235,320,309,428,537,497,467,257,85,1866,1269,70,1917,1040,108,0,601,2534,1582,6,32,73,77,329,109,927,61,184,85,7,2798,443,1095,1456,21,120,2491,187,457,391,2744,427,174,1212,241,897,36,112,36,2948,187,202,65,34,120,2714
2,405,407,372,553,560,602,425,196,223,1955,1788,30,2210,1433,70,0,350,3393,2142,111,10,238,157,250,129,706,143,497,445,13,2645,328,1544,1575,49,247,2811,219,713,499,3244,261,150,1506,124,1442,112,143,5,3533,210,233,200,599,167,2544
3,701,598,691,1004,708,658,461,47,100,2410,2558,112,2757,1964,135,50,830,4088,2780,79,89,406,390,503,198,523,551,796,1010,206,2405,418,2202,2275,49,24,3635,259,1074,317,4651,416,214,2169,242,1751,26,139,11,4029,939,271,953,630,75,3039
4,328,278,249,348,369,609,417,272,96,1479,1487,60,1646,1238,22,0,170,2796,1578,0,39,178,154,153,98,766,50,432,75,56,2353,132,1561,1094,63,116,2236,205,525,292,2674,288,32,1318,136,922,119,132,19,2788,178,120,488,146,157,2055
5,980,969,257,917,971,712,650,479,282,3063,3154,87,2810,3105,215,48,687,5482,4259,22,87,108,233,134,52,1322,175,617,505,0,4920,547,2648,2579,106,337,4280,368,1569,704,5513,437,200,3378,393,1430,117,241,21,5675,542,354,1164,18,213,4468
6,366,274,119,141,477,446,467,232,262,1458,1326,47,1295,1404,38,0,276,2508,1861,0,2,0,22,31,43,825,36,279,55,7,2407,60,1648,918,23,135,2210,193,381,309,2475,267,59,1470,231,609,36,108,4,2698,86,179,3,12,62,2528
7,746,601,152,414,726,589,291,286,143,1892,2056,110,1978,1824,36,61,386,3501,2432,16,60,21,46,89,87,1197,82,254,26,9,3577,92,2034,1644,28,150,2756,278,914,163,3785,573,149,1956,183,847,97,120,23,3809,139,132,112,22,105,3577
8,804,640,425,437,800,716,452,334,352,2500,2460,84,2370,2408,98,21,519,4420,2990,36,22,99,183,195,28,1407,151,309,36,0,4464,201,2493,2031,9,226,3558,306,1096,351,4609,559,131,2568,253,1094,197,137,21,4819,141,278,57,30,123,4472
9,440,357,203,353,483,577,474,226,197,1838,1472,40,1746,1490,34,24,177,3109,1845,26,86,38,142,157,74,942,59,495,93,0,2663,164,1867,1073,21,185,2521,214,575,218,3092,228,82,1555,218,889,161,132,45,3106,204,321,159,49,210,2571
10,940,753,788,921,741,830,528,249,236,2937,3049,131,3223,2547,85,65,673,5248,3226,50,230,478,285,332,158,1227,118,633,1204,19,4012,508,2334,2832,133,179,4437,224,1325,626,5360,479,228,2732,406,1800,148,182,11,5191,795,434,1165,170,392,3825
11,389,400,235,372,464,713,521,381,148,1761,1862,53,1820,1683,67,0,252,3371,2079,0,72,55,52,148,63,1154,131,365,67,25,3035,184,1981,1188,50,220,2835,239,549,301,3322,414,60,1783,274,788,113,170,21,3447,176,188,117,86,190,3042
12,1593,1013,685,1123,685,212,42,0,0,2473,2880,1024,1024,3189,116,116,1743,3494,3805,0,118,163,285,253,167,562,411,115,43,65,4719,148,2345,2829,16,15,2670,539,2144,228,5125,458,72,4316,59,376,0,58,14,4158,1195,217,1206,104,599,3227
13,208,297,99,173,241,315,366,183,87,944,1025,8,900,1002,59,7,151,1811,1211,19,7,36,31,111,38,516,34,80,4,5,1846,102,897,789,64,117,1479,81,409,158,1811,188,111,1053,55,352,115,63,32,1883,86,67,80,11,52,1759
14,498,551,535,513,607,657,417,240,236,1937,2317,24,2142,1947,141,46,253,3955,2577,24,90,212,309,221,113,708,91,1322,493,31,2317,220,1759,2101,39,135,3101,283,870,459,3795,244,39,2085,234,1450,80,98,24,3821,433,742,537,217,135,2623
15,470,459,477,688,540,764,508,194,65,2132,2033,37,2251,1695,182,70,372,3723,2334,0,65,168,248,214,73,1063,36,893,345,0,2891,355,1818,1778,81,133,3206,208,751,218,3947,486,126,1896,236,1179,98,110,34,3649,516,743,890,82,199,2251
16,131,123,443,582,255,327,83,46,0,994,996,65,1491,370,64,35,537,1418,674,0,88,104,96,279,131,618,47,172,193,25,1553,236,673,994,18,69,1593,113,284,95,1895,315,52,493,182,859,43,8,38,1919,71,279,540,53,64,1054
17,391,298,230,460,427,473,285,180,100,1412,1432,35,1549,1161,99,33,301,2510,1658,13,71,66,92,138,64,742,71,482,200,12,2079,214,1347,1157,14,112,2167,241,436,220,2624,246,109,1279,187,804,114,92,13,2670,174,379,369,45,123,1928
18,940,812,585,726,1000,963,577,397,186,3215,2971,91,3352,2620,123,115,386,5685,3556,21,160,231,202,428,251,1337,230,1027,590,46,4293,355,2982,2618,0,231,4459,387,1340,322,5864,682,244,2827,547,1567,142,156,21,5645,541,627,911,355,141,4152
19,241,96,634,1036,413,368,220,81,48,1586,1551,79,2300,706,52,32,951,2154,1162,19,107,196,167,330,163,993,27,401,507,39,2163,351,1166,1532,25,63,2706,143,288,272,2865,635,140,818,278,1120,58,56,32,2812,325,637,528,184,65,1723
20,60,100,155,150,166,180,347,401,236,834,961,8,814,939,34,40,263,1492,1150,0,69,25,13,132,10,396,22,224,116,19,1414,264,814,554,19,144,1605,32,158,324,1471,167,56,988,52,457,19,33,23,1736,59,41,175,43,75,1461
21,137,94,330,435,375,272,119,39,31,907,925,72,1324,399,37,17,374,1441,689,8,44,120,149,212,109,501,46,161,278,9,1338,185,819,781,27,20,1464,59,309,108,1724,317,51,495,135,730,13,61,30,1618,214,134,283,209,57,1149
22,543,155,779,895,368,306,254,115,27,1728,1714,102,2039,1255,46,0,870,2572,1657,49,118,115,176,263,124,940,33,361,481,38,2529,277,1237,1779,76,73,2715,171,556,228,3214,551,52,1383,230,911,155,79,81,3068,374,444,996,243,54,1705
23,616,560,747,1188,636,409,448,203,0,2480,2327,87,3044,1603,73,130,1021,3656,2280,109,367,286,304,290,159,1012,82,482,649,29,3565,280,1965,2279,211,72,3507,163,1137,362,4445,410,259,1744,317,1775,76,86,140,4215,592,367,819,509,294,2818
24,628,592,472,573,683,701,489,355,169,2426,2236,94,2242,2140,186,21,615,4026,2813,13,153,125,179,225,147,1007,173,939,200,8,3342,234,2230,1865,79,254,3483,258,921,478,4184,423,176,2371,256,1247,51,135,3,4427,235,734,457,77,381,3013
25,547,431,668,529,444,673,436,245,111,2335,1749,0,2471,1526,87,16,369,3699,2158,15,272,454,138,256,107,684,73,507,692,17,2795,266,1748,1916,75,79,3091,138,855,260,3824,313,211,1589,151,1525,142,99,54,3513,571,524,373,406,252,2529
26,267,371,344,469,452,456,209,89,53,1284,1426,27,1728,909,46,0,173,2537,1329,44,45,195,116,206,82,693,88,577,308,0,1737,236,1045,1348,21,60,1971,76,663,215,2495,316,112,982,76,1048,78,65,33,2430,280,303,544,117,305,1441
27,687,577,729,918,500,654,477,211,117,2473,2397,152,2692,1880,146,79,804,3987,2708,33,65,152,343,318,75,1176,69,959,746,42,3054,271,2080,2319,86,114,3581,147,1142,371,4499,518,150,2162,404,1347,144,111,34,4363,507,938,1085,119,225,2503
28,965,686,541,1339,817,1130,553,235,30,3105,3191,113,3578,2346,259,130,652,5514,3417,0,131,305,387,439,157,1460,268,1117,599,55,4257,297,2666,2909,161,263,4431,362,1503,433,5863,756,241,2712,390,1819,101,187,90,5913,383,562,1332,162,243,3997
29,545,267,297,647,395,578,430,291,193,1943,1700,107,1757,1688,91,6,402,3235,2055,48,12,88,111,123,115,1091,119,642,196,7,2679,302,1680,1395,34,232,2791,258,594,338,3305,536,103,1849,105,847,44,73,86,3451,192,533,703,89,154,2164
30,726,736,501,686,906,1078,489,268,106,2886,2610,89,2882,2385,140,15,733,4748,3201,33,18,205,222,217,121,1479,166,714,352,76,4188,318,2698,2268,27,185,4119,317,1060,363,5133,857,188,2582,230,1387,69,151,32,5292,204,770,775,153,295,3503
31,268,242,198,230,276,299,230,180,134,1075,982,47,1014,986,10,87,67,1903,1295,14,44,24,62,99,52,467,45,92,89,3,1828,73,1048,831,0,105,1598,74,385,111,1946,253,125,1041,129,382,29,87,11,1997,60,79,75,9,72,1822
32,511,359,444,723,488,561,470,317,109,2000,1982,88,2165,1628,101,24,398,3560,2186,0,102,71,279,258,75,1011,71,556,315,24,3016,128,2108,1620,33,93,3013,247,722,366,3616,447,128,1796,209,1146,90,123,43,3700,282,372,466,136,151,2857
33,1762,1073,1398,2174,811,803,787,273,70,4542,4609,73,4747,4294,37,272,1472,7407,5435,125,834,873,302,488,226,868,140,1109,2992,351,4559,546,3641,4554,180,230,7074,230,1847,486,8665,284,299,4387,392,3526,83,117,63,6363,2788,1189,1731,1739,447,4045
34,1326,1239,793,1499,1135,543,523,207,75,3255,4085,39,3564,3494,243,0,889,6451,4854,73,249,388,778,509,118,371,30,1182,2295,0,3833,359,2728,3908,226,119,5080,298,1962,674,6666,248,201,3769,281,2536,60,161,84,5444,1896,425,1627,824,167,4297
35,1444,620,660,1393,733,936,421,304,27,3308,3230,0,3229,3069,240,62,916,5560,4257,0,407,466,728,280,101,299,78,1389,1938,41,3092,489,2051,3776,110,112,4817,192,1529,785,5753,273,48,3279,299,2376,41,204,18,5168,1370,694,2147,468,429,2800
36,1164,700,812,962,556,617,285,87,44,2809,2418,37,2408,2515,267,214,475,4538,3329,94,424,318,320,319,140,283,55,970,1578,6,2618,459,1635,2931,138,64,3784,129,1314,309,4918,166,133,2831,218,1645,71,152,11,4132,1095,532,1140,720,732,2103
37,1064,544,777,503,776,486,414,341,113,2526,2492,19,2510,2339,150,41,493,4484,3213,14,201,273,349,404,117,447,232,795,775,5,3211,250,1654,2896,41,177,3495,192,1331,221,4797,182,219,2476,224,1609,30,267,11,4092,926,418,1047,534,307,2712
38,773,979,1337,1178,896,923,495,29,13,3140,3483,172,3784,2250,417,65,1048,5510,3723,85,303,630,360,551,208,763,81,1412,686,0,4444,402,2294,3693,185,49,4703,159,1761,673,5950,506,132,2812,313,2352,213,272,23,5455,1168,515,2460,273,443,2932
39,918,468,765,584,242,58,23,8,0,1412,1654,725,667,1581,93,177,1099,1790,1803,38,327,193,223,256,70,156,110,154,103,27,2672,77,1223,1760,0,6,1860,177,1029,155,2911,363,22,2402,44,220,8,7,0,2266,800,168,601,143,328,1826
40,429,388,432,497,508,487,279,194,447,1862,1799,46,1937,1600,78,77,361,3223,2055,12,150,137,252,124,121,810,75,615,284,10,2677,168,1587,1515,119,272,2884,150,627,428,3233,457,45,1734,35,1199,62,76,53,3277,384,445,1175,204,169,1668
41,1474,618,1191,1409,890,1138,691,131,70,3904,3708,197,4401,2942,72,41,1519,6052,4146,26,332,472,673,411,165,1387,55,1411,988,77,5081,351,3519,3511,119,112,5689,197,1726,709,6903,729,300,3174,124,2628,67,590,0,6663,949,1065,1315,1039,357,3836
42,1057,1083,1047,1142,1425,835,323,391,29,4221,3111,110,3832,3041,349,121,1258,5953,4211,107,298,389,758,376,251,942,22,1629,1443,0,4238,705,2687,3574,171,195,4932,320,2080,416,6916,724,368,3489,293,2039,148,207,64,6565,767,1133,2874,138,203,2984
43,325,613,327,201,512,628,370,271,105,1796,1556,21,1550,1668,113,22,330,3000,2063,6,24,88,135,176,122,738,77,1028,140,17,2090,121,1725,1246,36,224,2346,142,864,286,3066,204,122,1786,129,902,78,84,47,3230,122,1317,295,20,93,1627
44,869,1180,863,1000,1118,942,475,140,21,3429,3179,78,3453,2876,201,0,1441,5167,3864,66,178,259,329,449,132,1331,268,1897,494,0,3949,448,2726,3261,42,131,4250,672,1686,367,6241,713,167,3157,403,1756,97,312,3,5898,710,1638,1638,113,329,2890
45,533,244,407,599,407,570,246,155,85,1741,1505,66,1756,1397,27,45,617,2584,1673,50,65,83,198,289,118,770,74,717,266,16,2173,267,1360,1341,77,201,2422,134,690,255,2991,324,109,1479,100,995,76,151,12,2957,289,448,619,106,275,1798
46,659,537,702,1173,811,946,561,336,181,3103,2803,152,3317,2334,103,56,934,4916,3013,37,95,223,340,278,227,1693,173,1090,452,20,4171,599,2271,2757,79,200,4444,265,1197,372,5534,822,190,2576,319,1659,90,207,43,5374,532,1573,695,0,385,3253
47,311,221,609,579,283,381,222,86,23,1317,1398,51,1724,873,67,47,794,1874,1197,20,127,132,276,161,113,689,63,304,231,25,2092,249,1079,1355,21,11,2105,110,500,201,2514,323,128,998,140,1042,47,26,11,2578,137,210,324,136,57,1988
48,845,514,737,1250,851,670,329,227,37,2756,2704,148,3165,1996,151,22,519,4919,2954,0,80,138,399,137,226,1526,75,842,428,12,4103,291,2478,2499,53,139,4021,286,1153,469,4991,721,311,2293,221,1702,87,90,35,5110,350,506,1207,226,379,3142
49,474,306,245,488,401,570,327,152,109,1536,1536,54,1617,1334,67,50,334,2688,1739,32,15,58,96,156,61,915,75,496,203,23,2275,202,1529,1218,35,88,2351,157,564,201,2871,378,115,1447,128,809,89,90,16,2809,263,359,343,78,220,2072
50,527,705,488,369,675,709,667,428,138,2487,2219,54,2278,2292,82,120,227,4359,2913,0,104,70,176,171,83,1189,144,549,272,25,3716,224,2384,1854,37,207,3454,285,967,343,4363,337,199,2420,264,1223,80,126,57,4498,208,706,62,88,268,3582
51,282,446,647,405,461,424,365,134,106,1664,1606,0,1872,1307,91,8,293,2969,1857,46,77,132,212,229,81,636,86,670,237,13,2264,287,1385,1458,48,92,2227,144,899,280,2990,244,154,1377,175,1021,152,85,62,3105,165,764,273,0,148,2085
52,614,652,716,648,710,679,439,255,71,2241,2543,71,2457,2088,168,44,823,3917,3021,17,79,59,259,330,105,914,68,868,453,98,3297,230,2156,2239,14,145,3157,240,1387,299,4485,319,164,2273,357,1334,49,151,137,4537,247,901,284,66,282,3251
53,514,648,776,642,713,812,576,360,121,2378,2784,31,2744,2226,161,69,736,4357,3122,42,49,48,221,177,233,1270,168,714,297,35,3948,280,2457,2198,64,163,3667,251,1244,498,4664,414,162,2372,476,1530,61,105,42,5018,144,924,318,50,207,3663
54,337,343,402,276,355,456,248,202,69,1406,1282,20,1417,1194,57,0,241,2447,1687,19,20,54,136,92,94,586,47,515,138,9,1979,183,1227,1182,37,59,1817,103,768,181,2507,173,85,1241,161,708,75,118,127,2633,55,529,176,29,161,1793
55,1139,988,565,1031,1082,1016,728,474,286,3605,3704,117,3711,3355,126,84,605,6620,4519,12,121,299,173,330,167,1688,83,1307,614,120,5185,415,3473,3090,120,211,5204,269,1836,597,6712,592,414,3560,400,1828,136,286,93,6803,506,1656,312,214,299,4828
56,178,198,267,270,244,247,129,166,93,954,838,12,1037,728,15,0,103,1689,1005,14,59,64,109,50,82,409,27,402,60,0,1303,111,819,758,14,90,1384,144,264,206,1586,157,103,736,63,613,31,57,32,1700,92,447,127,0,73,1145
57,790,1078,1258,1306,875,832,796,280,253,3569,3899,12,4099,3187,170,289,537,6642,4470,174,405,569,765,355,91,639,124,1641,2602,27,3074,215,2911,3856,199,287,5473,217,1778,404,7064,276,221,3342,412,2912,104,162,39,5774,1694,1930,589,1117,52,3780
58,296,333,384,446,317,482,300,147,80,1348,1437,20,1650,1034,81,80,283,2422,1498,15,114,198,129,212,76,543,61,721,341,20,1642,130,1294,1201,15,145,2100,113,572,198,2587,130,86,1112,121,1127,88,75,46,2493,292,674,136,55,168,1752
59,650,583,335,581,682,777,484,397,182,2382,2289,69,2393,2108,101,18,373,4280,2731,59,55,130,237,204,126,1129,101,650,409,43,3468,324,2278,1821,52,196,3536,118,1017,316,4355,437,234,2233,334,1176,38,131,88,4304,367,716,155,137,215,3448
60,547,365,478,665,571,625,513,254,140,2233,1925,66,2489,1559,44,22,498,3638,2158,27,93,273,264,259,118,966,85,572,256,56,3189,435,1575,1882,114,152,3307,186,665,282,3876,435,255,1688,242,1338,69,94,37,3695,463,231,322,255,49,3301
61,527,682,434,662,658,611,447,194,65,2056,2224,33,2382,1806,59,78,521,3681,2360,0,56,206,253,256,117,1032,119,1066,585,47,2463,344,1904,1830,71,131,2944,149,1187,264,4016,462,228,1869,130,1395,49,75,72,3923,357,1258,701,267,199,1855
62,443,433,465,429,569,484,435,272,57,1755,1832,27,2042,1453,65,73,429,3085,1965,12,304,242,189,167,165,543,110,770,446,20,2241,339,1748,1317,145,38,2712,137,738,233,3354,159,144,1532,180,1357,35,136,44,3175,412,713,257,204,120,2293
63,494,677,598,543,838,706,637,343,73,2421,2488,60,2626,2097,126,37,550,4322,2781,66,121,332,226,314,121,948,131,1084,502,59,3133,298,2334,2045,79,153,3367,159,1383,351,4558,447,269,2248,322,1403,72,125,23,4656,253,1046,412,161,258,3032
64,326,332,246,463,344,295,226,146,54,1287,1145,0,1351,1032,49,36,234,2162,1411,4,66,88,157,257,74,375,38,628,323,8,1435,129,1083,1144,2,74,1662,135,635,187,2245,166,138,1068,64,831,55,75,35,2240,192,514,560,131,81,1146
65,621,605,352,596,545,775,380,372,119,2137,2228,119,1994,2087,165,25,689,3651,2687,0,46,146,112,307,121,946,130,738,208,0,3289,165,2255,1788,0,157,3043,328,994,397,3968,380,202,2352,242,985,32,109,63,4026,339,576,340,44,379,3026
66,618,605,464,556,672,670,643,221,163,2352,2260,42,2401,2095,74,18,609,3985,2745,76,216,107,196,244,154,874,204,840,284,0,3284,327,2222,1885,4,174,3422,203,987,318,4294,444,138,2187,118,1412,94,180,39,4204,408,985,492,134,316,2685
67,812,807,394,696,752,807,734,316,163,2741,2740,124,2557,2709,91,77,477,4927,3362,13,65,69,147,107,115,1603,282,745,229,55,4170,211,2727,2329,22,192,3839,201,1441,314,5167,595,228,2923,302,1269,27,83,54,5231,250,715,429,48,153,4136
68,796,1038,877,860,1000,1041,688,493,1690,4781,3702,73,3569,4562,279,0,381,8102,6023,118,298,230,541,257,109,907,117,2013,875,73,5405,362,3461,3299,142,1219,6557,346,1580,1357,7126,359,210,4882,224,2296,265,228,19,7131,1352,1804,1159,195,288,5037
69,492,713,376,650,715,764,400,212,78,2288,2112,9,2552,1750,89,88,846,3466,2510,46,127,272,223,225,187,810,95,750,693,21,2841,293,2101,1864,56,86,3109,165,1126,324,4076,319,256,1810,193,1574,65,99,84,4056,344,811,200,59,221,3109
70,373,486,323,425,488,520,307,314,83,1690,1629,32,1643,1591,53,53,225,3041,1935,0,81,90,130,218,111,754,142,531,220,16,2410,163,1674,1326,16,140,2360,167,792,285,3034,189,80,1660,125,1104,29,82,50,3173,146,678,245,164,141,2091
71,308,487,350,257,362,550,447,263,150,1620,1554,60,1503,1555,56,29,489,2656,1960,54,59,18,155,56,50,822,47,574,72,0,2481,92,1691,1210,77,104,2272,222,680,220,2954,329,91,1683,172,677,121,71,30,3057,117,458,103,66,95,2452
72,642,521,333,546,462,508,370,200,37,1934,1685,28,1884,1680,27,0,280,3339,2188,31,75,80,169,197,80,799,117,570,334,23,2575,213,1574,1774,29,29,2422,223,974,321,3298,236,141,1706,191,1142,55,121,27,3440,179,688,515,70,114,2232
73,428,413,537,480,505,670,463,332,132,2095,1865,42,2228,1606,84,62,487,3411,2240,30,50,174,197,284,99,886,111,696,172,14,2967,287,1988,1579,41,65,2816,200,944,332,3628,290,218,1707,215,1242,37,99,152,3717,243,398,215,237,156,2954
74,243,198,484,391,365,218,193,134,38,1244,1020,16,1363,871,14,84,457,1723,1225,3,68,112,204,131,63,458,114,227,413,33,1477,245,815,1138,24,42,1765,126,373,104,2160,173,143,878,208,794,30,38,0,2017,247,405,191,21,114,1533
75,717,665,438,725,695,566,522,274,257,2644,2215,62,2213,2522,62,78,675,4106,3135,36,107,81,128,291,79,1002,229,791,385,0,3454,350,2243,1972,28,266,3401,264,1194,329,4530,402,187,2636,164,1232,40,152,46,4316,543,609,87,124,523,3516
76,692,600,701,700,624,754,812,350,152,2580,2805,125,2667,2503,90,92,730,4563,3323,22,81,168,315,126,79,1271,128,828,421,58,3950,177,2718,2288,50,152,3784,186,1415,377,5008,436,233,2670,306,1368,131,183,58,4978,407,1006,446,49,155,3729
77,303,603,362,393,389,717,569,238,80,1852,1802,50,1854,1655,95,68,349,3237,2236,0,40,94,115,156,67,946,87,485,194,19,2869,178,1846,1501,4,125,2564,189,901,381,3273,486,147,1774,161,840,74,113,59,3487,167,561,196,13,57,2827
78,580,757,448,698,597,659,688,384,92,2540,2363,115,2386,2302,100,48,389,4466,2989,11,44,124,252,226,77,1180,187,517,182,40,3977,268,2539,1909,12,175,3503,220,1180,241,4662,446,251,2496,246,1208,96,113,47,4603,300,554,267,37,170,3875
79,748,790,391,688,870,1002,710,361,136,2832,2864,127,2757,2705,107,69,466,5161,3421,29,63,101,207,220,135,1520,244,668,302,15,4467,217,3143,2121,31,184,4046,274,1376,546,5150,617,272,2914,368,1304,80,75,66,5505,191,683,404,12,246,4351
80,733,710,357,442,825,725,643,336,73,2440,2404,80,2481,2204,79,20,297,4527,2719,90,50,53,204,200,121,1407,136,770,202,83,3653,163,2590,1951,42,98,3453,178,1213,345,4499,710,264,2323,161,1231,54,86,15,4689,155,777,531,94,261,3181
81,342,313,370,256,383,559,543,258,37,1650,1411,34,1716,1268,43,9,360,2692,1747,0,16,100,92,165,105,836,99,391,239,0,2332,157,1706,1133,45,20,2241,207,613,276,2785,455,108,1330,97,904,54,84,29,2879,182,375,478,88,153,1967
82,762,456,567,856,454,604,446,225,91,2386,2075,47,2468,1857,89,12,439,4010,2445,21,246,326,259,336,109,719,97,888,629,10,2837,351,1942,1968,73,127,3268,271,922,237,4224,404,221,1962,207,1529,71,49,18,4199,262,667,806,326,285,2377
83,413,324,275,338,319,342,221,126,0,1233,1125,41,1167,1096,54,3,353,2002,1503,0,46,42,58,130,57,522,57,521,190,0,1590,128,1098,1078,15,39,1562,86,710,171,2187,156,100,1191,139,700,5,52,15,2105,253,371,540,30,281,1136
84,972,1225,520,695,1122,1247,809,432,498,3914,3606,101,3538,3801,80,135,853,6532,4330,0,235,310,238,200,52,2155,333,1020,892,18,5257,520,3372,3146,57,425,5123,335,2062,659,6861,436,365,3921,383,2056,93,196,70,7040,480,1436,213,127,431,5313
85,317,93,807,824,484,294,348,35,6,1673,1535,30,2346,735,97,22,784,2402,1157,75,80,209,243,252,180,1012,53,648,425,0,2082,318,1244,1579,60,7,2854,195,159,92,3116,228,123,855,274,1547,101,80,0,3086,122,657,384,121,304,1742
86,886,503,847,983,674,686,812,265,177,3052,2781,18,3092,2527,196,177,905,4751,3536,14,132,316,552,284,172,827,66,936,1176,13,3642,466,2257,2842,78,190,4476,222,1135,444,5389,282,267,2693,421,1809,240,78,43,5189,644,1205,857,255,323,3193
87,224,429,151,225,341,500,338,313,108,1343,1286,29,1221,1320,59,15,254,2360,1677,2,30,29,45,83,37,726,37,435,54,5,2098,129,1503,905,10,82,1983,125,521,241,2388,244,102,1391,121,608,71,78,14,2605,24,413,123,20,59,2014
88,558,782,392,469,661,916,788,429,186,2811,2370,60,2554,2414,153,75,471,4635,3260,18,98,157,217,176,85,1170,202,844,420,32,3683,332,2406,2061,80,302,3805,202,1174,378,4803,352,261,2585,294,1313,128,155,93,4628,553,1143,134,60,189,3655
89,188,2715,2916,464,444,398,395,112,38,3563,4107,26,3122,3823,699,141,1704,5825,6744,19,69,82,78,129,36,513,205,521,657,14,6273,193,1236,6086,67,88,2357,231,5082,323,7347,146,193,4532,526,1805,18,77,373,6288,1382,971,1344,196,245,4914
90,422,439,441,368,456,403,363,156,68,1593,1523,0,1729,1312,75,47,468,2601,1880,8,105,136,148,190,64,585,39,525,395,17,2140,110,1440,1410,32,124,2247,142,727,260,2856,136,154,1365,101,1148,70,129,13,2795,321,578,86,112,252,2088
91,259,499,216,237,453,492,450,274,136,1478,1538,29,1596,1348,43,91,119,2806,1841,3,62,37,173,127,83,690,50,477,186,0,2303,136,1644,1055,48,133,2128,96,792,249,2767,271,120,1393,217,817,53,114,31,2897,119,606,91,32,91,2196
92,837,816,456,677,667,786,714,442,281,2906,2770,43,2740,2783,110,51,642,4983,3709,47,72,79,196,208,74,1291,147,722,326,32,4449,229,2925,2336,15,171,3988,348,1340,339,5337,433,221,2889,347,1369,179,151,87,5206,470,860,133,54,151,4478
93,540,969,394,635,881,937,942,442,394,3008,3126,71,3193,2686,184,110,430,5594,3908,40,24,51,190,320,46,1555,167,1013,494,62,4398,318,3251,2218,35,312,4611,232,1291,638,5496,511,278,2874,190,1904,42,292,43,5627,507,1073,234,72,31,4724
94,591,399,994,1072,664,815,364,179,91,2398,2771,0,3446,1600,123,29,1292,3848,2548,55,192,111,382,384,230,1267,48,667,1459,25,2970,416,2050,2492,104,107,4099,200,870,254,4915,492,231,1681,259,2188,71,184,63,4199,970,1551,213,637,183,2585
95,555,576,710,841,641,377,368,176,133,2220,2157,45,2434,1783,115,150,262,3965,2616,10,353,323,208,182,93,592,0,687,1038,29,2623,349,1365,2504,21,138,3095,112,1170,366,4011,201,105,1918,414,1386,128,195,30,3281,1096,444,605,593,126,2609
96,845,341,786,749,757,571,542,111,74,2298,2478,9,2846,1811,110,35,503,4238,2680,33,120,167,301,231,161,1083,103,893,631,15,3134,355,2123,2136,93,69,3653,272,851,261,4515,302,201,1906,340,1737,81,168,41,4138,638,686,355,770,205,2760
97,318,422,173,406,459,468,345,128,64,1493,1290,0,1507,1194,82,3,303,2477,1648,24,38,41,89,132,43,768,124,471,178,47,1963,163,1379,1066,61,114,2088,149,546,209,2574,209,53,1259,143,849,125,130,15,2549,234,429,38,182,121,2013
98,284,359,470,453,435,477,301,228,128,1457,1678,11,1843,1188,93,8,174,2953,1696,52,142,168,271,231,169,406,91,772,618,0,1654,146,1370,1433,0,186,2427,121,587,216,2919,114,82,1279,163,1329,42,126,0,2731,404,649,24,393,93,1976
99,501,441,366,663,651,751,475,274,113,2059,2176,15,2450,1705,65,17,240,3978,2435,0,76,223,357,160,102,882,61,806,638,9,2721,373,1995,1704,17,146,3188,304,743,350,3885,322,139,1765,413,1288,68,202,38,3808,427,1099,56,265,136,2679
100,630,453,774,849,765,564,363,211,77,2304,2382,16,2779,1687,204,122,591,3973,2418,83,335,318,444,139,196,753,57,800,1388,24,2417,367,1639,2422,144,114,3627,147,912,274,4412,252,96,1891,387,1723,67,257,13,3962,724,914,326,814,164,2468
101,387,248,420,416,314,542,336,193,81,1412,1525,6,1702,1182,47,43,231,2663,1700,12,81,138,166,106,79,655,52,823,269,5,1788,211,1307,1319,57,43,2275,201,461,141,2796,203,123,1219,118,1042,59,129,44,2698,239,813,179,118,132,1695
102,767,513,973,1167,392,388,333,101,138,2061,2711,35,2797,1840,100,199,586,3987,2636,107,617,342,292,171,58,549,94,922,1748,24,1984,169,1281,3039,80,203,3748,207,817,315,4457,170,74,1963,165,2079,87,207,27,3180,1592,629,447,1533,325,1838
103,353,380,367,343,467,595,506,211,225,1766,1681,0,1774,1578,95,85,241,3121,2217,5,83,141,166,156,73,606,51,744,452,24,2176,213,1625,1453,16,140,2578,157,712,365,3082,312,116,1656,96,972,119,176,0,3222,225,933,180,71,161,2102
104,212,113,238,228,198,279,221,153,59,816,885,17,1003,668,13,22,173,1506,872,30,47,7,58,158,52,477,43,344,63,12,1239,79,905,675,13,29,1293,53,355,117,1584,135,75,676,95,551,84,55,30,1657,44,215,56,71,48,1311
105,273,285,187,401,328,455,407,119,203,1307,1351,6,1393,1152,107,8,376,2274,1476,26,79,132,107,206,71,561,48,470,122,0,2018,228,1231,1018,17,164,2007,107,544,202,2456,184,77,1259,187,731,56,125,39,2286,372,392,111,89,74,1992
106,278,274,161,303,270,315,384,246,91,1196,1126,7,1228,1067,20,0,86,2236,1495,5,16,20,107,69,50,560,32,418,193,0,1679,179,1209,812,3,119,1819,107,396,182,2140,152,34,1097,140,638,30,178,53,2179,143,259,89,191,177,1606
107,121,259,140,81,271,238,291,148,95,813,831,7,767,852,18,0,130,1514,1063,6,22,58,51,50,7,387,26,238,156,16,1208,76,869,592,13,94,1218,170,256,107,1537,145,20,857,69,406,75,55,17,1583,61,145,59,19,21,1400
108,249,363,216,269,456,454,243,157,103,1293,1217,8,1354,1085,63,27,168,2315,1491,0,71,34,56,154,40,664,105,395,223,43,1744,161,1167,1062,31,89,1916,191,403,174,2336,176,84,1130,147,751,88,87,47,2437,73,341,55,3,133,1978
109,535,270,504,743,437,202,227,209,122,1666,1583,11,1729,1445,64,23,157,3069,2173,3,299,181,190,140,25,238,52,517,1261,14,1405,108,1008,1915,48,170,2535,122,592,171,3078,134,66,1508,145,1326,20,38,12,2235,1014,512,176,856,33,1672
110,784,472,538,1089,658,684,526,382,194,2779,2548,14,2877,2353,83,30,484,4813,3379,21,199,155,372,171,212,818,47,1544,965,0,2771,549,1956,2371,199,252,4384,150,793,540,4787,310,87,2425,293,1866,54,169,123,4764,563,1269,430,285,244,3099
111,757,432,667,829,664,643,543,353,371,2470,2789,26,2812,2343,78,67,768,4424,3125,79,451,275,241,298,157,633,22,1004,1365,11,2857,371,2075,2462,0,351,4084,212,963,583,4676,271,146,2450,212,1920,140,71,49,4254,1005,703,553,625,161,3217
112,1639,769,978,1063,965,313,193,44,67,2832,3199,5,2495,3400,131,343,547,5141,4699,60,230,438,200,95,109,200,112,572,2812,43,2492,118,1635,4116,113,49,4216,138,1677,211,5820,58,55,3538,144,1963,63,191,19,3643,2388,508,97,2446,417,2563
113,277,367,474,331,363,326,358,135,43,1201,1473,10,1515,1011,138,57,195,2422,1773,13,117,68,180,92,90,341,77,812,612,6,1167,169,1202,1173,47,83,2142,112,420,257,2417,113,77,1165,138,975,92,107,7,2035,639,458,316,267,70,1563
114,444,329,535,512,350,612,417,341,143,1811,1872,16,1739,1854,74,57,219,3407,2270,33,117,100,259,238,105,561,64,755,640,4,2220,229,1725,1545,56,128,2970,232,481,506,3177,305,93,1916,169,999,77,95,29,3129,554,725,244,405,350,1959
115,554,635,831,861,757,715,533,295,218,2803,2596,49,2977,2247,126,84,949,4366,3019,147,194,281,273,251,201,1033,136,813,959,94,3397,428,2075,2692,14,190,4061,444,894,490,4909,453,203,2401,202,1911,42,104,83,4679,720,943,786,218,232,3220
116,396,234,434,429,296,457,317,246,276,1722,1363,34,1684,1324,43,5,195,2885,1866,27,31,149,126,146,117,623,74,681,375,0,1955,250,1187,1331,31,286,2484,127,474,423,2662,218,154,1382,149,1000,15,128,39,2950,135,739,425,85,181,1655
117,796,528,689,972,788,673,757,257,106,2793,2773,24,3131,2275,136,73,282,5211,3167,64,178,469,487,200,69,932,40,1340,1373,0,2813,336,2309,2627,71,223,4128,162,1276,346,5220,298,146,2413,459,1739,89,403,19,4778,788,1079,672,566,229,3020
118,410,185,530,442,665,505,355,272,287,1871,1780,0,1978,1618,55,0,592,3059,2302,0,56,178,168,136,98,713,73,1102,412,17,2047,265,1651,1444,61,230,2744,228,679,389,3262,131,154,1643,32,1344,149,181,17,3039,612,1149,131,247,37,2087
119,863,1309,825,979,1101,991,680,346,154,3763,3485,25,4028,2897,298,0,1075,6173,4513,292,260,385,480,404,80,834,150,1802,2419,21,2856,432,2778,3630,224,184,4598,309,2341,448,6800,294,314,3210,364,2884,32,18,132,5151,2097,1651,668,1038,400,3491
120,339,424,441,567,414,509,402,190,68,1617,1737,0,1820,1445,89,92,371,2891,1997,0,210,217,305,179,150,296,60,881,984,13,1416,319,1002,1817,78,138,2563,122,669,324,3030,100,168,1510,201,1184,77,82,32,2515,839,871,248,817,147,1271
121,790,828,884,913,737,577,412,70,92,2564,2739,0,2990,2101,212,101,1283,3919,3289,70,387,648,479,145,101,184,120,923,1937,0,2323,397,1768,2782,257,99,3884,142,1277,214,5089,96,92,2284,197,2262,48,311,13,3873,1430,982,115,1315,196,2695
122,1081,721,939,960,1147,946,625,628,294,3990,3351,16,4020,3167,138,132,540,6669,4346,55,346,398,468,611,118,999,83,1573,1366,26,4293,596,3013,3394,80,258,5381,177,1783,486,6855,321,301,3310,469,2520,76,281,63,6211,1130,1565,612,622,812,3730
123,363,413,509,514,560,472,568,184,137,1850,1870,0,2088,1572,60,6,222,3492,2302,20,152,96,226,174,75,675,124,904,344,26,2322,318,1688,1464,100,150,2797,207,716,240,3480,179,102,1612,269,1248,120,148,42,3495,225,1041,211,46,142,2280
124,1089,502,880,1091,736,749,508,209,19,2802,2981,9,3163,2421,190,236,1209,4338,3627,146,379,465,464,234,58,410,48,1521,2004,36,2174,353,1862,3221,183,164,4126,367,1290,407,5376,111,72,2598,340,2227,155,233,47,4386,1397,788,1955,416,219,2405
125,1114,919,946,1499,1198,1210,630,430,45,3895,4096,176,4845,2848,122,66,959,6966,3911,93,812,433,444,509,385,1404,145,1527,1635,24,4660,630,3064,3935,244,118,6402,259,1330,371,7620,682,189,3128,351,3048,152,369,72,6419,1572,1216,1979,114,726,3956
126,1058,625,613,774,947,510,488,289,108,3054,2358,0,2638,2583,191,54,748,4610,3860,12,232,138,315,91,49,715,74,1190,1143,13,2992,370,1793,2934,138,177,3861,230,1321,305,5107,255,102,2760,155,1918,101,116,5,4321,1091,771,1340,1078,165,2058
127,649,473,606,1238,673,906,615,342,184,3166,2520,0,2896,2632,158,142,738,4806,3699,12,102,127,465,262,127,892,80,1408,1713,19,2466,478,2180,2651,180,197,4331,435,920,444,5242,358,180,2769,299,1789,64,196,31,4422,1264,1027,1436,77,245,2901
128,139,151,229,482,379,449,512,253,261,1527,1328,0,1497,1316,42,49,202,2604,1739,0,54,148,188,124,70,532,100,976,444,37,1298,245,1026,1165,37,382,2442,124,289,374,2481,306,88,1354,170,755,55,114,13,2572,283,202,899,21,183,1550
129,572,648,221,303,793,776,492,401,147,2202,2151,34,2106,2091,122,52,215,4086,2767,0,44,42,107,90,52,1251,77,875,333,8,3060,118,2500,1558,43,134,3066,390,897,367,3986,247,155,2221,177,1236,132,142,43,4233,120,996,85,36,181,3055
130,557,573,361,381,408,773,627,332,146,2082,2076,0,1946,2173,39,93,441,3624,2582,0,41,113,84,55,60,1223,111,595,185,0,3267,115,2276,1691,0,76,2973,406,779,324,3834,384,69,2177,184,1020,166,136,22,4058,100,427,47,29,184,3471
131,450,463,192,219,434,546,273,285,99,1524,1437,19,1442,1456,44,0,243,2718,1850,7,8,66,66,68,17,879,37,349,122,7,2446,83,1568,1201,9,100,2007,247,707,140,2821,207,69,1490,151,846,71,86,41,2902,59,325,43,25,106,2462
132,715,564,648,558,799,652,717,367,161,2495,2686,21,2758,2281,121,142,482,4557,2880,28,63,172,161,170,121,1586,181,992,617,6,3385,341,2449,2114,62,215,3898,409,874,512,4669,376,199,2410,216,1699,96,177,8,4936,245,1307,293,17,344,3220
133,358,375,241,145,381,391,396,219,86,1280,1312,18,1125,1382,67,34,190,2368,1792,8,48,14,42,55,18,615,47,568,339,7,1631,114,1297,1067,29,85,1763,265,564,171,2421,108,48,1449,114,735,70,51,17,2534,58,519,36,28,197,1812
134,824,1162,1012,1188,1088,1084,826,231,219,4028,3606,0,4090,3346,198,501,719,6414,4436,19,85,169,388,405,119,2013,174,1245,1813,49,4353,370,3528,3462,118,156,5087,428,2119,515,7119,584,171,3489,362,2520,224,224,60,6968,666,1968,606,1,370,4689
135,545,584,252,426,641,609,446,175,317,2054,1941,9,1973,1960,53,116,216,3663,2298,20,51,55,90,118,74,1289,68,630,99,0,3198,158,2069,1533,26,209,2938,177,880,327,3668,454,103,1969,334,900,73,142,20,3815,180,598,209,95,190,2903
136,557,404,378,432,555,624,296,149,136,1734,1797,14,1822,1650,45,0,357,3174,1990,28,142,138,102,143,123,865,56,719,651,50,2055,90,1711,1479,32,219,2562,187,782,303,3228,247,107,1674,192,1092,93,105,21,3244,287,571,198,62,179,2521
137,695,700,315,513,760,761,395,324,151,2308,2306,35,2329,2116,134,0,564,4050,2780,60,23,92,133,97,129,1300,90,555,196,12,3761,317,2171,1927,24,175,3350,202,1062,313,4301,216,181,2265,261,1338,173,150,30,4443,171,754,121,21,218,3500
138,326,508,384,284,416,709,273,239,97,1707,1529,0,1750,1426,60,66,414,2756,1912,60,12,153,52,89,69,889,95,354,163,0,2624,199,1594,1282,66,95,2416,265,555,195,3041,206,182,1451,120,1041,181,55,0,3066,170,357,0,5,315,2559
139,317,433,112,230,406,442,275,151,155,1259,1262,7,1207,1291,16,47,274,2200,1544,0,37,18,88,51,25,758,48,382,127,14,1950,144,1261,988,10,118,1777,101,643,172,2349,161,37,1307,145,685,100,86,0,2449,72,347,0,36,92,2046
140,344,439,254,193,370,466,290,111,119,1308,1278,22,1382,1139,43,35,319,2232,1580,0,24,48,102,55,64,713,95,313,100,11,2067,145,1180,1152,8,101,1780,150,656,150,2436,182,137,1187,141,658,103,154,24,2485,101,315,124,0,193,1954
141,986,1168,427,708,1101,1148,878,583,190,3523,3666,15,3434,3626,114,66,885,6238,4473,41,157,136,272,185,79,1846,225,941,692,54,5277,378,3425,3043,90,253,5180,373,1636,491,6698,581,144,3721,319,1953,188,220,63,6940,249,1212,157,362,301,5157
142,490,795,260,381,562,916,645,430,143,2337,2285,34,2100,2466,22,13,471,4138,2990,0,89,38,31,81,67,1326,91,580,123,0,3828,116,2764,1629,0,113,3243,351,1028,276,4346,339,130,2457,192,1067,256,181,0,4556,66,591,232,0,194,3605
143,839,744,697,1303,1017,820,603,199,136,3233,3125,0,3726,2502,130,308,889,5161,3569,20,179,27,205,331,279,1748,160,1379,1578,0,3241,429,3071,2610,52,196,4660,494,1204,448,5910,612,172,2620,123,2335,142,328,26,6113,245,2148,676,35,417,3082
144,824,988,724,992,1057,1114,641,360,151,3584,3267,24,3768,2827,232,139,1105,5607,3631,55,156,259,202,292,147,2109,127,1382,771,61,4510,406,3455,2766,28,196,4931,389,1531,525,6326,754,196,3019,484,1930,147,174,147,6641,210,1587,495,18,275,4476
145,1245,819,1195,1650,1336,779,490,369,237,3764,4356,46,4218,3702,154,427,1310,6383,4815,0,30,149,494,640,293,1699,163,1389,2341,0,4227,420,3766,3832,61,41,5919,387,1814,469,7651,408,207,3858,671,2544,36,284,112,7410,710,2388,704,65,859,4104
146,299,268,2039,1638,521,438,218,128,43,2589,3003,26,4281,1247,38,279,1836,3477,2157,55,146,239,326,614,261,1794,89,862,1394,65,3182,449,1677,3314,131,21,4551,304,737,218,5374,431,153,1311,711,2810,54,51,71,5153,439,1834,329,382,308,2739
147,745,555,1127,1160,875,823,681,282,70,3127,3191,92,3731,2396,99,323,1160,4835,3323,49,85,201,386,518,180,1576,156,1318,1430,0,3414,457,2894,2831,22,114,4717,413,1188,425,5893,531,88,2539,437,2371,127,102,123,5556,762,2280,522,219,352,2945
148,200,197,195,282,204,220,136,57,44,827,708,6,914,598,17,24,276,1235,806,0,5,26,34,129,68,467,0,238,211,6,1080,201,575,721,19,19,1108,80,347,136,1399,66,70,614,107,551,15,78,34,1445,90,256,130,57,25,1067
149,561,540,864,1035,595,631,741,210,101,2607,2671,23,3397,1734,124,75,1029,4174,2588,0,91,251,340,306,179,1523,149,1165,506,47,3411,457,2137,2467,101,116,3966,300,1012,250,5028,412,289,1865,397,2067,57,106,85,5015,263,1341,106,331,310,3190
150,416,393,504,662,670,487,504,236,159,2077,1954,13,2321,1547,150,195,397,3439,2439,52,97,205,305,183,109,641,87,939,1032,0,1973,410,1716,1689,85,131,3072,220,739,364,3667,188,148,1714,202,1518,36,193,32,3280,751,1103,566,143,84,2135
151,346,364,310,409,290,177,126,0,15,1035,1002,0,1035,906,96,80,225,1732,1345,42,91,101,232,159,34,33,6,352,758,17,904,62,693,1243,35,4,1269,77,691,91,1946,25,76,992,156,723,16,35,14,1590,447,314,258,388,50,1027
152,264,429,152,84,325,522,389,343,109,1255,1362,3,1084,1481,49,59,120,2438,1744,6,6,15,12,51,14,769,69,387,234,0,1927,93,1508,923,15,78,1862,329,426,143,2474,137,65,1522,83,564,136,97,13,2600,17,570,33,34,28,1952
153,317,594,178,162,382,649,447,311,165,1682,1523,9,1386,1741,69,84,229,2892,2121,12,0,42,22,69,10,929,106,332,223,0,2544,87,1824,1144,17,133,2297,290,618,266,2939,232,54,1768,249,681,122,93,6,3158,47,275,102,25,37,2766
154,661,661,272,391,586,698,738,429,240,2477,2199,21,2253,2353,49,56,381,4239,2988,10,8,40,110,103,50,1367,114,615,272,17,3658,266,2415,1690,60,245,3345,531,800,322,4354,287,16,2394,329,1350,184,101,15,4602,74,697,76,0,38,3865
155,768,708,330,467,875,785,701,348,369,2665,2686,47,2394,2780,130,68,618,4665,3383,20,32,58,99,113,16,1630,192,841,441,0,3877,351,2663,2027,42,268,3880,288,1183,508,4843,475,69,2887,301,1261,181,127,50,5098,253,1245,69,0,203,3834
156,244,293,123,181,300,489,455,365,170,1350,1270,9,1366,1226,19,47,60,2513,1679,4,8,18,49,59,38,765,49,465,264,4,1838,134,1513,786,31,156,2049,165,406,331,2289,202,49,1247,122,632,183,119,66,2585,35,317,13,22,43,2225
157,733,753,353,528,896,718,529,497,238,2844,2401,49,2522,2639,35,89,480,4676,3195,0,56,71,167,162,75,1519,141,825,596,22,3661,148,2719,2145,21,212,3817,351,1077,410,4835,539,143,2705,273,1345,143,66,31,5130,115,1060,180,137,253,3615
158,320,570,226,176,562,382,334,241,156,1579,1388,0,1423,1440,104,63,355,2549,1886,7,14,68,51,27,21,893,78,423,515,0,1951,189,1425,1143,11,199,1968,223,776,180,2787,325,54,1532,228,677,95,56,0,2943,24,545,76,65,107,2174
159,1034,926,369,452,1322,1022,796,467,602,3620,3370,31,3252,3623,84,238,828,5924,4198,44,47,95,178,109,96,2223,166,722,466,24,5612,205,3616,2620,0,549,5088,437,1465,611,6379,469,107,3660,342,1870,290,211,41,6639,351,1085,115,115,203,5472
160,299,263,216,282,388,295,229,175,39,1074,1112,8,1188,955,35,15,332,1839,1199,7,11,23,59,108,51,728,15,311,222,0,1638,110,1072,920,33,51,1597,124,465,91,2095,323,51,977,127,532,51,90,35,2137,49,417,46,48,117,1558
161,1273,647,806,1165,1206,824,568,253,165,3300,3607,0,3593,3163,151,96,668,6143,3969,32,23,193,490,451,105,1644,136,1222,1166,0,4383,307,3143,3106,70,281,5137,437,1333,504,6403,534,128,3279,310,2169,124,275,88,6304,603,1220,120,808,367,4392
162,524,253,466,985,386,253,262,162,126,1807,1610,0,1986,1354,77,50,878,2489,1835,0,45,125,142,211,137,922,96,525,1152,23,1621,333,1332,1587,55,110,2725,143,549,219,3198,215,57,1408,114,1452,46,108,17,3227,190,1251,246,9,168,1743
163,693,318,868,1267,543,533,454,272,146,2620,2474,52,3089,1869,84,422,1042,3630,2765,0,115,87,201,290,178,1458,145,844,1229,0,2876,372,2247,2286,0,189,4100,346,648,432,4662,461,160,1972,499,1659,48,175,120,4661,433,1037,94,161,245,3557
164,720,392,990,1146,513,424,258,73,57,2292,2281,14,2861,1655,43,145,1253,3175,2458,45,147,271,231,238,249,934,78,754,1576,12,2153,244,1929,2260,49,91,3476,129,968,141,4432,215,153,1699,183,2116,83,102,22,4067,506,1548,204,399,52,2370
165,521,352,846,1031,485,456,427,117,78,1945,2368,15,2601,1621,76,148,609,3556,2250,32,80,200,259,228,86,1178,32,565,1391,0,2325,175,1621,2361,79,77,3423,311,579,172,4141,315,108,1693,348,1607,47,181,14,3883,430,1127,68,655,313,2150
166,220,284,112,237,268,315,173,146,94,962,887,26,961,833,29,36,252,1561,1133,15,21,8,60,48,7,557,18,265,61,0,1505,80,939,718,11,101,1340,141,368,132,1717,193,58,882,131,431,81,51,22,1777,72,278,50,29,111,1381
167,461,464,478,694,490,470,493,274,108,1887,2045,5,2261,1549,117,44,481,3407,2352,50,68,259,157,220,89,737,80,649,506,0,2697,329,1589,1905,14,95,3039,121,772,253,3679,254,229,1665,362,1268,57,81,16,3572,360,468,431,301,309,2423
168,439,445,474,414,591,377,382,150,29,1606,1695,30,1855,1356,60,12,446,2843,1976,56,102,95,243,150,112,567,59,760,703,0,1779,223,1452,1506,28,92,2425,122,754,207,3094,212,70,1413,179,1186,77,139,25,2841,460,584,427,148,122,2020
169,357,668,312,170,501,773,646,457,176,2202,1858,0,1637,2326,97,30,284,3746,2848,0,0,30,81,92,50,959,160,604,258,12,3026,184,2140,1512,14,210,2923,402,735,299,3761,186,69,2387,147,774,259,203,35,4019,41,499,35,84,121,3321
170,481,720,343,326,649,788,707,350,208,2547,2025,9,2128,2364,71,47,234,4291,2894,33,28,35,108,89,85,1300,156,900,297,0,3219,154,2456,1768,19,175,3185,350,1037,245,4327,226,63,2386,241,1211,272,143,30,4540,32,831,102,37,184,3418
171,427,422,1055,1061,769,536,315,165,140,2384,2506,15,3238,1531,106,252,1891,2747,2296,18,68,164,107,388,370,1479,172,934,1227,34,2523,432,1946,2228,149,135,3864,248,778,197,4693,289,80,1642,293,2246,225,97,18,4695,195,1400,230,20,298,2942
172,194,444,186,309,471,338,264,348,197,1480,1271,0,1236,1355,160,205,575,1971,1812,53,11,4,90,43,138,600,71,671,617,0,1392,338,1152,1081,22,158,2060,200,491,235,2516,133,74,1523,94,756,106,65,0,2689,62,775,333,60,103,1480
173,837,1157,468,504,1048,1211,1042,723,409,3810,3589,10,3365,3955,69,122,485,6792,5077,21,24,60,136,185,0,1896,179,1697,413,28,5082,148,4224,2644,77,306,5322,791,1286,590,6809,269,120,3996,215,2209,360,216,14,7196,203,1816,168,62,208,5145
174,571,738,195,303,662,751,508,324,155,2066,2141,25,1951,2165,66,47,381,3779,2651,0,35,52,98,77,43,1251,55,746,321,27,3058,105,2392,1596,18,96,2950,366,891,276,3931,379,116,2230,201,995,184,102,0,4058,149,886,37,13,165,3106
175,642,827,541,319,815,1157,874,421,206,2923,2879,6,2867,2800,129,54,442,5306,3658,0,67,76,139,146,49,1667,90,1157,351,0,4204,200,3343,2098,16,145,4234,356,1212,314,5488,272,122,2900,192,1864,312,125,15,5613,189,1287,121,0,188,4206
176,506,482,284,265,501,743,380,131,43,1699,1636,0,1791,1500,44,54,215,3066,1905,9,39,68,43,73,75,1123,45,410,171,17,2692,88,1726,1460,0,61,2282,298,755,150,3185,220,140,1534,131,1033,142,97,38,3219,116,556,100,0,86,2593
177,771,671,633,603,722,1070,843,264,168,2835,2910,11,3446,2231,57,40,448,5257,3190,22,52,150,267,217,138,1709,232,682,211,0,4620,214,3019,2307,0,205,4209,363,1173,400,5345,369,334,2266,377,2118,89,161,31,5690,55,751,303,81,130,4480
178,440,386,368,427,381,697,388,103,27,1499,1718,0,1853,1327,37,43,234,2940,1720,19,28,109,92,145,79,1025,18,516,95,16,2572,199,1712,1246,11,49,2380,284,553,175,3042,249,120,1353,178,1194,29,74,20,3173,44,381,134,40,167,2495
179,220,295,232,297,218,315,286,112,0,1077,898,7,1121,809,38,9,165,1801,1104,47,12,26,77,73,45,591,32,203,146,14,1580,230,842,865,26,12,1417,72,486,64,1911,66,91,823,55,824,25,87,4,1902,73,174,54,0,76,1671
180,328,258,570,693,407,497,193,136,17,1518,1581,0,2101,911,87,56,735,2308,1437,4,79,81,240,201,61,996,61,269,289,0,2480,299,1217,1471,55,57,2529,124,446,157,2942,214,118,965,168,1476,47,82,29,3040,59,356,124,52,140,2427
181,701,861,566,767,726,825,451,262,83,2513,2729,0,3052,1976,214,22,758,4462,2958,99,168,297,255,253,119,1093,97,772,1191,28,3154,351,2223,2440,87,141,3731,150,1361,320,4922,134,167,2171,156,2237,111,241,25,4531,711,399,288,846,364,3345
182,486,501,439,685,524,600,329,234,39,1927,1910,20,2124,1659,34,57,547,3233,2077,14,128,129,105,109,128,1147,135,508,706,10,2478,278,1854,1581,40,84,2917,197,723,162,3675,123,103,1690,162,1618,97,32,12,3698,139,1116,224,131,259,2107
183,1188,944,891,1137,1041,799,758,353,140,3680,3571,16,4149,2889,197,53,771,6427,4145,123,605,346,432,401,156,1043,132,1039,2103,71,3906,350,2889,3786,90,136,5215,190,1846,525,6726,237,209,3057,154,2948,230,329,87,5731,1520,1080,508,1511,312,3840
184,535,354,581,785,538,615,515,75,20,1943,2075,0,2560,1303,155,184,685,3149,2196,62,397,97,269,239,53,705,83,865,1108,11,1951,306,1750,1836,71,55,3192,192,634,359,3659,176,101,1445,148,1804,82,218,44,3302,716,561,380,433,155,2489
185,739,357,929,789,434,345,320,151,108,2360,1812,0,2413,1652,107,130,898,3144,2637,35,118,116,154,180,102,830,169,330,1715,30,1928,308,1445,2262,40,117,3423,65,684,311,3861,116,116,1755,106,1947,24,101,7,3661,511,1244,475,448,43,1962
186,1460,683,956,1559,989,539,335,120,84,3062,3663,0,3777,2755,193,315,1957,4453,3953,112,276,483,669,219,221,792,45,1000,2416,18,3246,439,2548,3464,98,176,4962,225,1538,305,6420,225,239,2948,194,2699,103,253,64,5488,1237,1216,933,1178,160,3238
187,388,115,419,655,509,141,150,55,7,1225,1214,0,1586,802,51,125,624,1690,1185,7,0,29,186,150,129,753,47,246,854,0,1292,93,1208,1017,56,65,2019,172,248,111,2328,122,67,866,75,1198,45,43,23,2282,157,1131,448,74,21,765
188,595,306,723,878,615,342,116,57,26,2035,1623,32,2134,1358,134,98,1152,2408,1820,0,34,161,208,159,194,1082,32,562,835,0,2229,210,1654,1740,29,25,2854,113,691,127,3531,241,98,1494,202,1463,82,57,21,3486,172,1599,462,76,166,1355
189,858,378,233,768,616,491,135,145,147,1977,1794,0,1746,1886,139,61,874,2836,2388,27,96,234,89,209,68,660,61,783,932,10,1985,273,1614,1652,92,140,2624,215,932,299,3472,101,99,2000,108,1343,20,71,29,3301,470,1644,723,147,57,1200
190,635,332,341,756,622,127,109,83,9,1473,1541,12,1564,1414,24,84,800,2130,1722,0,30,110,208,175,78,691,107,500,892,0,1515,162,1270,1493,19,70,2063,198,753,138,2876,144,91,1434,95,1173,41,15,21,2908,106,1400,278,0,217,1119
191,641,955,567,504,851,1159,511,235,19,2778,2664,16,3173,2217,36,117,618,4707,2974,11,71,79,162,221,89,1835,133,1234,381,5,3689,104,3051,2191,25,71,3753,197,1492,258,5184,519,170,2227,329,1909,168,96,24,5366,76,1999,145,80,264,2954
192,770,818,475,550,759,1046,598,279,118,2675,2738,0,2787,2539,87,42,376,4995,3271,16,60,64,149,182,43,1628,102,633,399,0,4279,200,2778,2186,59,190,3806,344,1263,361,5052,321,216,2606,202,1707,164,172,25,5280,133,1077,208,40,204,3884
193,128,153,67,117,161,229,201,72,19,540,607,0,598,518,31,9,56,1082,703,0,10,31,64,19,17,303,25,153,84,0,885,54,645,413,3,32,875,95,177,53,1094,72,51,528,65,359,34,22,16,1130,17,206,164,0,37,740
194,964,819,1024,894,789,876,551,344,90,3186,3165,7,3536,2531,277,48,899,5404,3568,123,348,495,399,251,101,1066,121,1338,1224,16,3652,421,2484,3229,89,128,4613,242,1496,442,5909,300,83,2796,442,2456,119,115,40,5350,1001,573,1421,454,160,3743
195,1027,620,636,1117,975,947,879,586,385,3866,3306,28,3718,3197,229,112,915,6145,4130,43,80,89,410,282,239,1899,153,867,343,0,5809,661,3323,2977,8,203,5654,368,1150,739,6433,414,296,3413,242,2492,138,127,50,6941,231,824,601,12,645,5090
196,195,296,153,148,333,418,356,283,71,1117,1136,12,1131,1047,63,6,194,2053,1486,8,10,9,57,25,20,638,72,289,13,21,1858,87,1254,830,19,63,1672,90,491,187,2066,92,55,1080,122,657,115,115,17,2199,54,211,109,0,67,1866
197,400,549,236,260,418,606,413,345,55,1641,1641,0,1646,1572,64,25,192,3065,2030,8,9,26,25,86,17,1081,63,363,58,8,2790,144,1879,1202,11,46,2247,269,766,161,3121,174,51,1612,149,1046,101,124,25,3169,113,311,0,0,80,2891
198,654,1159,452,503,823,1083,1006,463,113,3072,3184,41,3150,3011,54,4,500,5752,3975,19,75,58,133,245,143,1608,121,860,174,37,5064,180,3455,2473,39,109,4391,330,1535,360,5896,332,180,3050,314,1766,308,262,44,6138,118,1038,152,13,233,4820
199,742,563,654,852,817,634,232,223,99,2678,2138,16,2682,2082,36,88,1020,3708,2713,30,23,99,249,234,163,1305,155,632,950,7,3072,399,1968,2377,25,47,3350,347,1119,246,4570,341,169,2116,218,1632,113,172,55,4510,306,1225,264,247,213,2867
200,728,708,1177,678,758,802,828,323,283,3282,3003,16,3517,2615,137,81,1295,4909,3832,50,100,120,309,263,41,1570,250,697,315,119,4904,448,2483,3016,76,262,4596,439,1250,716,5569,350,100,2716,315,2479,129,196,0,6059,226,583,749,110,266,4577
201,676,593,304,537,702,811,778,328,86,2433,2382,0,2609,2065,141,56,366,4393,2767,0,6,122,137,136,111,1536,96,676,139,47,3857,346,2590,1766,12,101,3601,307,907,283,4532,316,141,2198,253,1418,234,228,27,4715,100,547,179,51,154,3884
202,371,160,377,429,486,568,495,253,136,1850,1425,0,1981,1176,118,73,497,2705,1663,17,27,73,65,297,158,975,103,364,184,17,2607,468,1408,1160,89,150,2718,178,379,209,3066,278,111,1277,167,1169,112,150,11,3218,57,371,135,15,147,2607
203,529,299,556,472,527,579,328,188,124,1888,1714,0,1979,1563,60,0,509,3093,2181,0,169,148,194,255,106,549,133,531,525,17,2396,293,1616,1516,56,121,2742,131,729,298,3304,130,110,1616,138,1251,93,213,51,3085,517,289,563,62,441,2247
204,318,256,457,471,286,221,234,140,20,1188,1215,11,1410,917,65,59,675,1669,1426,10,96,143,91,160,64,413,44,325,488,0,1546,285,802,1213,51,52,1838,42,523,246,2157,75,77,987,129,1018,40,69,8,2051,352,320,295,141,189,1458
205,295,225,491,866,557,418,424,293,200,1998,1771,0,2415,1322,32,21,932,2816,1870,0,25,103,201,226,138,1206,86,535,467,22,2659,359,1579,1586,124,121,3148,145,476,377,3392,201,100,1322,226,1734,51,135,0,3631,138,475,183,52,136,2923
206,392,177,652,836,574,579,590,283,223,2213,2093,42,2668,1587,9,122,1367,2817,2002,0,40,67,168,223,215,1591,49,655,246,0,3356,363,2014,1687,90,152,3786,183,337,328,3978,235,105,1621,132,1846,211,128,28,4147,159,443,191,6,61,3605
207,642,310,409,694,781,657,602,562,164,2591,2230,41,2782,1931,67,35,472,4314,2476,40,55,128,161,140,238,1583,87,765,340,9,3620,532,2188,1850,0,251,3809,285,727,264,4557,435,149,2010,195,1706,84,215,27,4691,130,534,127,47,294,3819
208,811,539,781,914,650,495,253,130,42,2347,2268,0,2578,1878,159,180,797,3638,2797,0,255,283,292,285,123,580,81,977,905,74,2578,444,1573,2382,93,123,3271,217,1127,189,4426,172,146,1997,196,1931,7,137,29,3825,790,423,1276,222,136,2558
209,323,304,357,656,471,490,464,314,110,1856,1633,10,2146,1312,21,27,570,2892,1731,8,37,58,147,390,117,1001,43,277,114,7,3048,405,1491,1381,43,169,2771,82,636,195,3294,262,139,1309,167,1273,106,133,100,3449,40,286,95,55,167,2886
210,326,365,96,171,382,374,287,216,75,1134,1158,0,1116,1113,63,17,169,2106,1428,6,3,19,57,43,46,690,55,275,86,0,1876,43,1299,881,11,58,1596,136,560,188,2104,119,41,1163,95,729,53,81,11,2268,24,274,19,9,92,1898
211,1845,1066,1866,2325,1480,849,644,146,8,4971,5258,108,6023,3793,305,167,2909,7153,5057,29,354,329,806,685,421,2548,138,1878,2794,98,5321,579,4096,5216,150,188,7597,580,2052,554,9675,525,174,4168,695,4188,201,167,111,9240,989,3882,2007,97,238,4005
212,346,467,261,408,435,542,351,113,18,1417,1524,13,1743,1158,27,0,236,2705,1575,25,24,84,78,129,79,947,116,484,368,0,1973,164,1552,1170,26,29,2126,101,714,130,2811,162,115,1187,208,1131,33,75,30,2873,68,615,25,25,113,2163
213,579,838,427,451,980,906,517,112,72,2441,2441,23,2647,2096,116,30,336,4516,2719,27,58,90,214,198,169,1407,81,870,509,24,3398,173,2557,1952,42,158,3390,195,1297,294,4588,275,168,2223,222,1755,135,71,33,4744,138,1386,116,77,212,3091
214,544,843,478,413,821,1101,630,266,95,2720,2471,15,2856,2188,132,0,455,4736,2897,33,40,91,82,284,92,1672,112,953,228,0,3898,185,2838,1970,32,166,3710,189,1292,275,4916,361,135,2288,275,1822,165,118,27,5001,190,1171,123,39,328,3530
215,962,1035,786,1052,1216,1312,728,280,0,3640,3731,49,4304,2683,335,0,597,6774,3957,48,170,136,295,366,159,2240,66,1627,580,0,5098,447,3423,3265,113,123,5046,344,1981,536,6835,402,249,3062,507,2695,236,165,55,6877,494,2286,284,78,114,4609
216,968,1232,693,556,1551,1180,788,400,180,3712,3836,0,3923,3427,198,0,353,7195,4602,46,26,155,224,202,112,2181,79,1873,439,12,5145,355,3899,2966,112,216,5202,352,1994,324,7224,335,169,3590,359,2635,178,231,51,7343,205,2921,451,100,458,3618
217,625,714,712,633,781,938,698,249,193,2843,2700,40,3064,2243,196,74,593,4876,3098,62,257,167,222,357,104,1276,176,943,616,18,3790,370,2592,2421,32,128,4073,199,1271,617,4926,255,300,2426,260,2012,116,137,37,5047,496,1209,539,108,193,3494
218,1157,833,587,884,985,996,610,194,109,3245,3110,13,3449,2746,147,28,538,5789,3777,36,317,358,390,218,153,1106,151,878,1113,44,4169,537,2302,3239,66,211,4534,371,1450,513,5842,205,376,2870,154,2348,157,213,32,5501,854,570,316,599,382,4488
219,428,359,621,444,589,462,180,107,41,1547,1684,0,1935,1226,70,31,808,2392,1682,21,162,185,198,256,124,603,122,665,506,0,1938,367,1357,1409,39,59,2431,61,739,276,2955,171,157,1284,209,1316,39,55,0,2963,268,782,465,176,212,1596
220,777,716,735,533,1009,1147,731,484,363,3323,3172,26,3379,2927,163,26,278,6191,3702,12,68,122,224,319,86,1962,111,1497,507,0,4380,325,3458,2301,0,411,4803,337,1355,548,5947,405,103,3081,315,2142,177,160,112,6154,341,1350,412,122,286,4325
221,225,377,151,103,250,397,233,60,19,1002,813,19,893,874,29,7,130,1678,1116,0,29,55,32,70,30,483,6,206,43,0,1560,27,958,781,23,26,1235,93,487,106,1709,87,60,899,106,494,59,104,6,1760,55,297,47,0,92,1379
222,448,657,280,380,456,760,560,148,93,1920,1862,42,1876,1834,30,10,107,3665,2303,23,22,35,114,97,64,1124,135,426,220,0,3001,120,2080,1494,14,74,2645,208,929,164,3618,176,92,1886,126,1269,160,54,19,3657,125,668,33,0,132,2949
223,391,456,322,472,448,620,356,202,71,1568,1770,19,1906,1327,86,53,180,3105,1835,12,53,67,294,168,54,855,118,475,283,19,2443,244,1752,1250,7,85,2418,171,749,232,3106,143,175,1416,106,1340,70,73,15,3154,184,422,67,127,93,2629
224,1341,587,766,1226,963,670,506,206,48,3187,3126,19,3432,2680,182,86,1027,5200,3679,6,136,225,544,538,159,1026,134,1005,934,32,4208,403,2505,3246,92,67,4774,134,1405,333,5980,245,203,2866,287,2510,82,74,46,5624,689,1531,1056,135,461,3130
225,1007,633,942,1295,1214,731,508,127,92,3376,3173,77,3845,2374,253,12,708,5829,3636,22,221,324,446,490,221,1189,128,1452,763,0,4206,459,2785,3031,156,118,4811,405,1333,325,6224,353,263,2681,421,2420,128,227,56,5731,818,1675,381,168,424,3901
226,110,196,344,405,232,177,135,15,19,811,822,20,1086,479,48,34,716,883,810,4,31,100,187,175,54,272,59,321,294,5,954,87,646,781,78,41,1261,24,348,142,1491,49,94,551,99,771,9,16,44,1364,269,577,242,76,148,590
227,950,1415,765,1090,1227,1189,516,219,140,3631,3880,0,4132,3258,121,0,1041,6470,4723,24,128,365,368,486,183,1234,67,1636,1481,10,4317,223,3279,3579,141,289,5294,302,1915,390,7121,417,397,3343,332,2707,187,78,50,6340,1171,2139,726,294,138,4214
228,458,343,709,522,422,719,282,68,28,1926,1625,31,2203,1231,86,22,570,2959,1790,42,152,220,217,216,54,860,89,596,670,0,2196,263,1505,1659,29,95,2571,206,774,261,3290,167,147,1354,188,1446,98,96,55,3223,328,1145,372,103,174,1757
229,664,493,642,861,755,503,370,189,77,2333,2221,0,2768,1691,95,155,587,3812,2657,8,185,269,307,349,68,711,49,1162,1311,20,2012,318,1814,2150,34,238,3537,81,936,331,4223,128,238,1768,212,2009,67,114,18,3765,789,1560,603,238,197,1956
230,755,472,474,884,959,874,292,271,46,2718,2309,8,2883,2035,101,48,1059,3920,2648,14,141,321,260,453,208,982,72,874,911,7,3163,413,2321,2080,55,158,3802,157,1068,451,4576,292,282,2123,200,1762,81,203,84,4664,363,1335,379,522,578,2213
231,881,449,616,990,661,632,292,221,61,2620,2183,22,2533,2086,162,91,396,4316,2747,17,204,206,335,329,197,768,85,1223,1054,43,2398,141,2382,2162,34,84,3600,138,1065,357,4446,168,204,2257,167,1762,73,142,30,4281,522,1600,238,171,177,2617
232,474,635,319,370,582,812,451,135,69,1914,1933,31,1947,1778,91,39,511,3297,2219,0,55,94,106,105,115,1153,112,528,169,22,3016,171,2018,1553,36,69,2613,200,1034,225,3622,257,206,1877,215,1057,80,110,45,3658,189,692,65,88,201,2801
233,387,716,384,517,644,825,281,166,0,1974,1946,6,2381,1510,23,87,243,3590,2012,28,157,147,197,318,147,914,32,786,585,0,2517,228,1844,1774,27,47,2606,86,1228,166,3754,151,201,1514,192,1651,0,114,97,3847,73,1207,456,52,151,2054
234,367,508,237,195,447,509,443,128,33,1384,1483,26,1471,1311,59,11,263,2593,1644,10,76,27,76,74,62,898,91,403,55,0,2318,49,1550,1191,0,77,1964,152,751,160,2707,201,163,1379,142,761,89,107,25,2769,98,525,75,18,115,2134
235,961,900,1014,1255,1025,984,798,167,188,3842,3450,0,4284,2881,127,181,1075,6036,3907,23,218,154,286,447,338,1919,84,2248,1439,64,3457,417,3686,3120,21,48,5295,121,1876,306,6986,556,197,2979,267,2728,305,176,84,6734,558,4068,415,145,187,2477
236,639,1354,484,502,1298,1529,823,384,82,3454,3641,0,3797,3152,146,1,209,6885,4333,7,122,62,129,289,146,2007,41,1416,471,23,5144,204,3765,2906,6,214,4924,469,1702,434,6661,431,323,3253,326,2310,173,236,43,7024,71,2081,489,53,227,4245
237,931,638,809,730,691,749,346,251,17,2664,2498,15,2685,2252,210,35,710,4417,3042,48,240,259,358,301,132,782,104,899,1265,0,2894,301,2285,2455,54,67,3557,393,1212,365,4797,124,49,2451,156,2118,77,107,80,4529,633,1597,451,152,233,2729
238,862,687,794,740,780,1037,637,280,39,2877,2979,19,3104,2471,262,108,588,5160,3531,119,321,254,346,427,97,761,72,1508,1223,0,3053,271,2555,2711,15,304,4238,111,1507,383,5473,268,256,2744,168,2127,121,123,49,5313,543,2139,332,200,253,2932
239,625,288,536,964,495,562,316,130,182,2364,1734,0,2352,1668,78,144,904,3050,2079,7,108,130,106,334,183,1151,102,627,685,0,2684,326,1768,1857,30,117,3176,221,701,272,3826,363,182,1706,207,1439,96,75,30,3738,360,893,477,9,237,2482
240,957,739,1901,1393,951,802,501,204,90,3658,3880,75,4763,2581,119,362,1909,5267,3884,55,142,159,684,648,295,1671,133,1172,1338,119,4776,311,3105,3819,118,185,5485,307,1746,318,7220,289,324,2759,387,3182,303,161,133,6774,764,1778,658,158,367,4577
241,423,355,1138,1126,719,612,215,113,0,2337,2364,77,3208,1374,42,8,1658,3035,2091,0,140,240,270,330,245,1385,149,680,803,26,3043,430,1681,2366,141,83,3386,112,1203,239,4462,448,221,1468,215,2085,48,97,119,4342,359,1082,551,145,34,2889
242,512,531,1241,882,753,525,307,0,100,2495,2356,41,3082,1601,127,240,1213,3398,2433,0,150,162,267,424,164,1251,103,864,966,80,2838,331,1802,2468,96,154,3459,259,1133,137,4714,355,262,1719,165,2056,95,144,55,4528,323,1353,334,96,294,2774
243,460,622,257,430,575,580,306,183,44,1842,1615,0,1799,1590,68,4,352,3101,2037,61,47,80,161,134,126,811,51,1245,316,0,1845,156,1716,1440,69,76,2317,209,931,207,3250,142,124,1649,196,1050,115,145,36,3322,135,1741,104,11,185,1416
244,260,232,513,612,392,258,201,59,12,1201,1338,39,1705,773,22,50,499,1990,1147,18,69,154,313,265,119,454,40,454,341,0,1704,235,860,1322,37,85,1961,115,463,128,2411,171,111,816,131,1134,18,102,56,2296,243,689,408,157,105,1180
245,418,370,358,505,410,360,320,213,68,1568,1454,0,1598,1403,21,31,483,2508,1629,19,66,111,141,129,111,816,63,305,371,0,2283,207,1328,1309,41,137,2162,143,717,269,2753,155,78,1373,167,1083,6,97,63,2869,153,653,134,0,128,2107
246,901,1012,769,971,1118,1001,672,365,125,3534,3400,0,3666,3108,160,81,1209,5644,4060,54,105,181,368,463,334,1369,132,1017,1156,0,4629,473,3014,3098,127,222,5239,244,1451,353,6581,390,313,3235,264,2335,123,198,76,6278,656,2041,554,38,453,3848
247,580,1060,636,417,918,1319,901,414,415,3337,3323,38,3507,2958,157,56,645,5959,4138,0,58,104,207,209,65,1879,145,684,166,0,5665,173,3495,2691,58,243,4997,481,1182,650,6010,518,225,3139,251,1906,171,291,159,6391,269,603,322,149,269,5317
248,740,833,444,437,677,1088,1308,464,201,3070,3122,7,2995,3005,185,31,566,5595,3967,4,129,64,166,244,95,1523,184,600,177,0,5231,164,3418,2253,43,314,4518,326,1348,398,5794,434,202,3127,303,1636,205,228,57,6025,167,539,275,34,181,5163
249,370,398,174,385,326,509,504,281,76,1563,1460,26,1539,1426,32,14,254,2755,1707,0,13,38,136,106,40,983,65,448,57,3,2450,113,1805,1018,8,79,2298,158,567,234,2789,231,93,1477,61,876,131,116,38,2904,119,316,109,11,117,2470
250,615,1212,587,429,950,1104,1056,492,131,3423,3153,72,3326,3041,137,51,635,5890,3970,17,84,177,108,186,114,1920,313,1161,346,0,4756,243,3569,2590,29,145,4660,225,1691,413,6163,593,262,3222,317,1780,283,88,31,6232,344,1084,712,43,153,4584
251,529,596,417,364,387,884,615,156,87,2070,1965,60,2080,1759,136,10,212,3813,2422,0,52,29,102,162,51,1217,99,423,0,66,3447,132,2185,1618,19,81,2839,327,869,192,3843,457,220,1920,150,898,234,137,19,3903,132,374,245,0,164,3252
252,453,621,346,471,521,474,350,190,10,1740,1696,46,1806,1553,31,61,217,3158,1983,22,58,138,113,299,80,743,90,592,166,23,2565,178,1657,1501,32,68,2451,157,828,83,3353,243,263,1610,158,936,73,141,12,3222,214,421,233,76,248,2458
253,598,500,628,767,746,702,477,150,60,2370,2258,85,2646,1838,59,37,708,3883,2347,46,111,197,411,297,169,1050,66,767,615,10,3170,371,2013,2086,26,132,3409,136,1083,183,4445,319,281,1959,330,1444,42,196,57,4177,451,710,529,319,232,2838
254,347,569,275,484,384,751,751,370,149,2023,2057,13,2139,1863,65,0,266,3814,2353,46,73,71,130,165,118,1124,41,439,48,0,3552,107,2339,1515,9,110,3104,143,833,191,3889,176,104,1929,251,1228,235,129,28,3966,114,319,33,4,129,3595
